{
  "evaluation_date": "2025-09-12T21:20:28.549107",
  "model_performance": {
    "classification": {
      "accuracy": 0.22,
      "precision": 0.19098484848484848,
      "recall": 0.22,
      "f1_score": 0.2040129958117763,
      "avg_confidence": 0.8986199270504583
    },
    "severity": {
      "mae": 0.25410672795552874,
      "mse": 0.09453002537697562,
      "rmse": 0.30745735537953167,
      "r2_score": -0.7630845593329225
    },
    "cost_estimation": {
      "mae": 22422.971740067438,
      "mse": 822240772.511991,
      "rmse": 28674.74101909189,
      "r2_score": 0.004284676487601113,
      "mean_percentage_error": 66.70687803229391
    }
  },
  "summary": {
    "classification_accuracy": 0.22,
    "severity_r2_score": -0.7630845593329225,
    "cost_estimation_accuracy": 33.293121967706085
  }
}